,code,group,hausdorf,image
0,i2ifc,C_left,0.23760791134,0179
1,i2i3d,C_left,0.64541842351,0179
2,i2i,C_left,0.447090747745,0179
3,drls,C_left,0.553806518701,0179
4,oof,C_left,0.580705810442,0179
5,i2ifc,R_ant,0.791919333309,0179
6,i2i3d,R_ant,0.845051080187,0179
7,i2i,R_ant,1.1117382399,0179
8,drls,R_ant,0.580705810442,0179
9,oof,R_ant,0.665210404919,0179
10,i2ifc,RPA_br8_br1,0.25447312808,0119
11,i2i3d,RPA_br8_br1,0.825741255292,0119
12,i2i,RPA_br8_br1,0.302359131026,0119
13,drls,RPA_br8_br1,0.512674850008,0119
14,oof,RPA_br8_br1,0.664731810499,0119
15,i2ifc,rsubcl3,0.442620121677,cabg11
16,i2i3d,rsubcl3,0.813030129458,cabg11
17,i2i,rsubcl3,0.722450704452,cabg11
18,drls,rsubcl3,0.525994701748,cabg11
19,oof,rsubcl3,0.521712448399,cabg11
20,i2ifc,RPA_br2,1.75220529568,0119
21,i2i3d,RPA_br2,0.927837000097,0119
22,i2i,RPA_br2,0.482039231245,0119
23,drls,RPA_br2,1.57231593558,0119
24,oof,RPA_br2,0.825741255292,0119
25,i2ifc,RPA_br9_br3,1.14471319508,0119
26,i2i3d,RPA_br9_br3,0.866264626877,0119
27,i2i,RPA_br9_br3,1.18718480593,0119
28,drls,RPA_br9_br3,1.53926239694,0119
29,oof,RPA_br9_br3,1.24818546704,0119
30,i2ifc,SMA,3.12676707851,0148
31,i2i3d,SMA,2.53398530836,0148
32,i2i,SMA,2.91284743435,0148
33,drls,SMA,2.53398530836,0148
34,oof,SMA,2.69914808609,0148
35,i2ifc,in_iliac_left,3.34154975371,0177
36,i2i3d,in_iliac_left,2.71620200065,0177
37,i2i,in_iliac_left,3.15451397816,0177
38,drls,in_iliac_left,2.81476193243,0177
39,oof,in_iliac_left,2.8595404209,0177
40,i2ifc,lsubcl3,0.668699655661,cabg11
41,i2i3d,lsubcl3,0.910228412534,cabg11
42,i2i,lsubcl3,0.718298654525,cabg11
43,drls,lsubcl3,0.714122464163,cabg11
44,oof,lsubcl3,0.738825604217,cabg11
45,i2ifc,L_incrd_b8,0.808680031449,0171
46,i2i3d,L_incrd_b8,0.73247658811,0171
47,i2i,L_incrd_b8,0.861958028785,0171
48,drls,L_incrd_b8,1.06297238265,0171
49,oof,L_incrd_b8,1.08996004239,0171
50,i2ifc,IMA,1.23380623764,0150
51,i2i3d,IMA,1.22773133004,0150
52,i2i,IMA,1.25185409368,0150
53,drls,IMA,0.669782351542,0150
54,oof,IMA,0.848978303702,0150
55,i2ifc,LPA_br4_br4,1.02162791024,0119
56,i2i3d,LPA_br4_br4,2.04418775021,0119
57,i2i,LPA_br4_br4,1.62004500189,0119
58,drls,LPA_br4_br4,1.45792293201,0119
59,oof,LPA_br4_br4,1.18557941669,0119
60,i2ifc,aorta,0.674232781575,0150
61,i2i3d,aorta,0.687411215858,0150
62,i2i,aorta,0.829377001693,0150
63,drls,aorta,0.985892926885,0150
64,oof,aorta,0.950367424835,0150
65,i2ifc,left_internal_iliac,0.281701718771,0006
66,i2i3d,left_internal_iliac,0.672099667433,0006
67,i2i,left_internal_iliac,0.281701718771,0006
68,drls,left_internal_iliac,0.39838639123,0006
69,oof,left_internal_iliac,0.349407979211,0006
70,i2ifc,LPA_br1,6.28714354451,0119
71,i2i3d,LPA_br1,7.06080326337,0119
72,i2i,LPA_br1,5.62047862303,0119
73,drls,LPA_br1,6.74798476507,0119
74,oof,LPA_br1,2.01131330282,0119
75,i2ifc,RPA_br7,1.99610466643,0119
76,i2i3d,RPA_br7,2.7670403764,0119
77,i2i,RPA_br7,2.5447312808,0119
78,drls,RPA_br7,1.83191543502,0119
79,oof,RPA_br7,1.65032883772,0119
80,i2ifc,L_vtbrl_pre,0.562560021877,0171
81,i2i3d,L_vtbrl_pre,0.722279200708,0171
82,i2i,L_vtbrl_pre,0.562560021877,0171
83,drls,L_vtbrl_pre,0.746684531087,0171
84,oof,L_vtbrl_pre,0.705832101529,0171
85,i2ifc,rca3,2.87657591923,cabg11
86,i2i3d,rca3,2.86354906161,cabg11
87,i2i,rca3,3.22626565721,cabg11
88,drls,rca3,2.92529340557,cabg11
89,oof,rca3,2.95277110812,cabg11
90,i2ifc,RPA_br2_br1,0.63543392904,0119
91,i2i,RPA_br2_br1,0.620266255182,0119
92,drls,RPA_br2_br1,0.821115217462,0119
93,oof,RPA_br2_br1,0.866264626877,0119
94,i2ifc,rca,2.66723991133,cabg11
95,i2i3d,rca,2.85884486174,cabg11
96,i2i,rca,1.32221707403,cabg11
97,drls,rca,2.57509555852,cabg11
98,oof,rca,2.48254318886,cabg11
99,i2ifc,knee_right,0.685822827238,0004
100,i2i3d,knee_right,1.6089306522,0004
101,i2i,knee_right,0.685822827238,0004
102,drls,knee_right,0.21923791871,0004
103,oof,knee_right,0.21923791871,0004
104,i2ifc,l_illiac,1.1484375,0144
105,i2i3d,l_illiac,1.0744388979,0144
106,i2i,l_illiac,1.0744388979,0144
107,drls,l_illiac,1.0744388979,0144
108,oof,l_illiac,1.06465200264,0144
109,i2ifc,R_incrd_b8,0.289936798869,0171
110,i2i3d,R_incrd_b8,0.57128240283,0171
111,i2i,R_incrd_b8,0.255968673661,0171
112,drls,R_incrd_b8,0.649271100841,0171
113,oof,R_incrd_b8,0.536694128162,0171
114,i2ifc,disection,1.09174059594,0177
115,i2i3d,disection,1.09806957996,0177
116,i2i,disection,1.12097017754,0177
117,drls,disection,1.2770178252,0177
118,oof,disection,1.02405323839,0177
119,i2ifc,LPA_br6,1.19836231359,0119
120,i2i3d,LPA_br6,1.43022580807,0119
121,i2i,LPA_br6,0.25447312808,0119
122,drls,LPA_br6,1.32083998218,0119
123,oof,LPA_br6,1.18557941669,0119
124,i2ifc,L_incrd_b6,0.235860459439,0171
125,i2i3d,L_incrd_b6,0.437738486888,0171
126,i2i,L_incrd_b6,0.316440012306,0171
127,drls,L_incrd_b6,0.557039181507,0171
128,oof,L_incrd_b6,0.508302243252,0171
129,i2ifc,IMA,0.777255412694,0148
130,i2i3d,IMA,1.12873728191,0148
131,i2i,IMA,0.993447772438,0148
132,drls,IMA,0.885194518701,0148
133,oof,IMA,0.862954194269,0148
134,i2ifc,RPA_br1_br1_br2_b2,0.138007430442,0119
135,i2i3d,RPA_br1_br1_br2_b2,0.76341938424,0119
136,i2i,RPA_br1_br1_br2_b2,0.185156397521,0119
137,drls,RPA_br1_br1_br2_b2,0.465966715306,0119
138,oof,RPA_br1_br1_br2_b2,0.714446753072,0119
139,i2ifc,om1,0.649411626459,cabg11
140,i2i3d,om1,1.29015855811,cabg11
141,i2i,om1,0.622365324206,cabg11
142,drls,om1,0.811188609246,cabg11
143,oof,om1,0.973733551028,cabg11
144,i2ifc,L_vtbrl_b1,0.292060906378,0171
145,i2i3d,L_vtbrl_b1,0.800228036628,0171
146,i2i,L_vtbrl_b1,0.368761205357,0171
147,drls,L_vtbrl_b1,0.691678642442,0171
148,oof,L_vtbrl_b1,0.590436826692,0171
149,i2ifc,om4,0.116015698761,cabg11
150,i2i3d,om4,0.37293829388,cabg11
151,i2i,om4,0.189452842744,cabg11
152,drls,om4,0.586488395505,cabg11
153,oof,om4,0.581366128005,cabg11
154,i2ifc,superior_mesentaric,0.500276092442,0006
155,i2i3d,superior_mesentaric,0.552462523471,0006
156,i2i,superior_mesentaric,0.475246232475,0006
157,drls,superior_mesentaric,0.349407979211,0006
158,oof,superior_mesentaric,0.427935630562,0006
159,i2ifc,celiac_branch,0.349407979211,0006
160,i2i3d,celiac_branch,0.524111968816,0006
161,i2i,celiac_branch,0.568794980842,0006
162,drls,celiac_branch,0.322138239807,0006
163,oof,celiac_branch,0.481625661981,0006
164,i2ifc,LPA_br1_br2,0.151179565513,0119
165,i2i3d,LPA_br1_br2,0.902868194529,0119
166,i2i,LPA_br1_br2,0.151179565513,0119
167,drls,LPA_br1_br2,0.664731810499,0119
168,oof,LPA_br1_br2,0.681706418422,0119
169,i2ifc,LPA_br5,1.36898919074,0119
170,i2i3d,LPA_br5,2.42044732306,0119
171,i2i,LPA_br5,1.79409659575,0119
172,drls,LPA_br5,2.32246455361,0119
173,oof,LPA_br5,1.41010911262,0119
174,i2ifc,L_incrd_b5,0.276850127617,0171
175,i2i3d,L_incrd_b5,0.270069094998,0171
176,i2i,L_incrd_b5,0.29834250472,0171
177,drls,L_incrd_b5,0.647364279981,0171
178,oof,L_incrd_b5,0.579873597737,0171
179,i2ifc,RPA_br1_br2,0.380460229874,0119
180,i2i3d,RPA_br1_br2,1.14138068962,0119
181,i2i,RPA_br1_br2,1.47738871941,0119
182,drls,RPA_br1_br2,0.795191101851,0119
183,oof,RPA_br1_br2,1.2857671696,0119
184,i2ifc,SMA,1.3813330716,0144
185,i2i3d,SMA,0.896941689594,0144
186,i2i,SMA,1.21917560678,0144
187,drls,SMA,1.20808636125,0144
188,oof,SMA,1.20932352119,0144
189,i2ifc,RPA_br9_br2,0.512674850008,0119
190,i2i3d,RPA_br9_br2,0.809434462752,0119
191,i2i,RPA_br9_br2,0.512674850008,0119
192,drls,RPA_br9_br2,0.825741255292,0119
193,oof,RPA_br9_br2,0.681706418422,0119
194,i2ifc,RPA_br1_br2_b2,1.05825695859,0119
195,i2i3d,RPA_br1_br2_b2,1.07963804697,0119
196,i2i,RPA_br1_br2_b2,0.33236590525,0119
197,drls,RPA_br1_br2_b2,0.598385959158,0119
198,oof,RPA_br1_br2_b2,1.27086785808,0119
199,i2ifc,RPA_br7_br2,0.585515939519,0119
200,i2i3d,RPA_br7_br2,0.999006038481,0119
201,i2i,RPA_br7_br2,0.585515939519,0119
202,drls,RPA_br7_br2,0.64731222672,0119
203,oof,RPA_br7_br2,0.690037152212,0119
204,i2ifc,rca1_1,0.758797462963,cabg11
205,i2i3d,rca1_1,0.858655517717,cabg11
206,i2i,rca1_1,0.903632467568,cabg11
207,drls,rca1_1,0.538637232863,cabg11
208,oof,rca1_1,0.574899117848,cabg11
209,i2ifc,profunda_branch_left,0.788298935551,0004
210,i2i3d,profunda_branch_left,0.678272254126,0004
211,i2i,profunda_branch_left,0.942977943807,0004
212,drls,profunda_branch_left,0.524078865387,0004
213,oof,profunda_branch_left,0.524078865387,0004
214,i2ifc,L_vtbrl_ppst,1.57397468057,0171
215,i2i3d,L_vtbrl_ppst,1.84380602679,0171
216,i2i,L_vtbrl_ppst,1.5135145242,0171
217,drls,L_vtbrl_ppst,1.98303654516,0171
218,oof,L_vtbrl_ppst,1.76711802336,0171
219,i2ifc,celiac_splenic,0.658524703528,0148
220,i2i3d,celiac_splenic,0.855994772637,0148
221,i2i,celiac_splenic,0.715131857925,0148
222,drls,celiac_splenic,0.390546867186,0148
223,oof,celiac_splenic,0.464038825154,0148
224,i2ifc,aneurysm_1,0.78222595291,0179
225,i2i,aneurysm_1,0.806240915646,0179
226,drls,aneurysm_1,0.431459414734,0179
227,oof,aneurysm_1,0.41707336922,0179
228,i2ifc,L_vtbrl,1.40081414664,0179
229,i2i3d,L_vtbrl,1.21659464862,0179
230,i2i,L_vtbrl,2.08829162572,0179
231,drls,L_vtbrl,1.31716525782,0179
232,oof,L_vtbrl,1.35654338705,0179
233,i2ifc,right_iliac_branch2,0.11048543456,0110
234,i2i3d,right_iliac_branch2,0.707451963917,0110
235,i2i,right_iliac_branch2,0.281683693396,0110
236,drls,right_iliac_branch2,0.462193733055,0110
237,oof,right_iliac_branch2,0.398360899499,0110
238,i2ifc,LPA_br1_br1_br4,0.123437598348,0119
239,i2i3d,LPA_br1_br1_br4,0.745751087852,0119
240,i2i,LPA_br1_br1_br4,0.138007430442,0119
241,drls,LPA_br1_br1_br4,0.558887496782,0119
242,oof,LPA_br1_br1_br4,1.05103327717,0119
243,i2ifc,L_antrb_b2,0.742533945677,0171
244,i2i,L_antrb_b2,0.67540157083,0171
245,drls,L_antrb_b2,0.835743691765,0171
246,oof,L_antrb_b2,0.679962065383,0171
247,i2ifc,LPA_br8_b2,0.977809671171,0119
248,i2i3d,LPA_br8_b2,0.879357529567,0119
249,i2i,LPA_br8_b2,0.977809671171,0119
250,drls,LPA_br8_b2,1.16123227681,0119
251,oof,LPA_br8_b2,1.05103327717,0119
252,i2ifc,R_vtrbl,1.65923917062,0178
253,i2i3d,R_vtrbl,1.69681161192,0178
254,i2i,R_vtrbl,1.65102321607,0178
255,drls,R_vtrbl,1.83708904261,0178
256,oof,R_vtrbl,1.76501806062,0178
257,i2ifc,R_vtbrl_b1,0.192579258708,0171
258,i2i3d,R_vtbrl_b1,0.555928434277,0171
259,i2i,R_vtbrl_b1,0.316440012306,0171
260,drls,R_vtbrl_b1,0.582001581394,0171
261,oof,R_vtbrl_b1,0.493494135874,0171
262,i2ifc,right_iliac,4.37151088548,0110
263,i2i3d,right_iliac,0.455543116785,0110
264,i2i,right_iliac,3.52689166884,0110
265,drls,right_iliac,1.01862537581,0110
266,oof,right_iliac,0.917760947224,0110
267,i2ifc,R_ant,1.51065304921,0178
268,i2i3d,R_ant,1.35445890786,0178
269,i2i,R_ant,1.53299218797,0178
270,drls,R_ant,1.5903829018,0178
271,oof,R_ant,1.49212683066,0178
272,i2ifc,renal_right,0.472398305385,0004
273,i2i3d,renal_right,0.707991560182,0004
274,i2i,renal_right,0.430574724726,0004
275,drls,renal_right,0.39305914904,0004
276,oof,renal_right,0.39305914904,0004
277,i2ifc,LPA_br14,0.185156397521,0119
278,i2i3d,LPA_br14,1.04921958596,0119
279,i2i,LPA_br14,0.185156397521,0119
280,drls,LPA_br14,0.610984939915,0119
281,oof,LPA_br14,0.585515939519,0119
282,i2ifc,RPA_br7_br5,0.185156397521,0119
283,i2i,RPA_br7_br5,0.204698099371,0119
284,drls,RPA_br7_br5,0.565662138032,0119
285,oof,RPA_br7_br5,0.690037152212,0119
286,i2ifc,lsubcl2_1,0.552345206192,cabg11
287,i2i3d,lsubcl2_1,0.798179013958,cabg11
288,i2i,lsubcl2_1,0.689618757007,cabg11
289,drls,lsubcl2_1,0.520277198229,cabg11
290,oof,lsubcl2_1,0.581366128005,cabg11
291,i2ifc,LPA,6.11576934437,0119
292,i2i3d,LPA,6.47929821043,0119
293,i2i,LPA,6.04560762828,0119
294,drls,LPA,0.81412687576,0119
295,oof,LPA,4.32736377058,0119
296,i2ifc,LPA_br3,0.755897827566,0119
297,i2i3d,LPA_br3,0.911267149292,0119
298,i2i,LPA_br3,0.927837000097,0119
299,drls,LPA_br3,1.05103327717,0119
300,oof,LPA_br3,1.11265147541,0119
301,i2ifc,superior_mesenteric,3.75487963772,0110
302,i2i3d,superior_mesenteric,3.5121510614,0110
303,i2i,superior_mesenteric,0.574099158465,0110
304,drls,superior_mesenteric,0.5687585851,0110
305,oof,superior_mesenteric,0.405949408024,0110
306,i2ifc,rca2,0.505700706762,cabg11
307,i2i3d,rca2,0.668699655661,cabg11
308,i2i,rca2,0.813949327184,cabg11
309,drls,rca2,0.548268802094,cabg11
310,oof,rca2,0.595346326759,cabg11
311,i2ifc,RSA,5.92772117354,0177
312,i2i3d,RSA,5.64673080421,0177
313,i2i,RSA,5.7565200561,0177
314,drls,RSA,5.90703234666,0177
315,oof,RSA,5.96191387084,0177
316,i2ifc,R_vtbrl,1.46368682833,0171
317,i2i3d,R_vtbrl,1.42430557374,0171
318,i2i,R_vtbrl,1.58882751472,0171
319,drls,R_vtbrl,1.35354589198,0171
320,oof,R_vtbrl,2.03229674281,0171
321,i2ifc,RPA_br2_br2,1.07963804697,0119
322,i2i3d,RPA_br2_br2,0.414022291327,0119
323,i2i,RPA_br2_br2,1.06721780404,0119
324,drls,RPA_br2_br2,1.07963804697,0119
325,oof,RPA_br2_br2,1.24818546704,0119
326,i2ifc,rsubcl1,0.364829971044,cabg11
327,i2i3d,rsubcl1,0.46082886857,cabg11
328,i2i,rsubcl1,0.548268802094,cabg11
329,drls,rsubcl1,0.544161861854,cabg11
330,oof,rsubcl1,0.525994701748,cabg11
331,i2ifc,RPA_br10,1.7402074837,0119
332,i2i3d,RPA_br10,1.17590105546,0119
333,i2i,RPA_br10,1.33089546161,0119
334,drls,RPA_br10,1.33803168146,0119
335,oof,RPA_br10,0.807078025546,0119
336,i2ifc,RPA_br1_br1_br3_br1,0.087283562845,0119
337,i2i3d,RPA_br1_br1_br3_br1,0.414022291327,0119
338,i2i,RPA_br1_br1_br3_br1,0.087283562845,0119
339,drls,RPA_br1_br1_br3_br1,0.565662138032,0119
340,oof,RPA_br1_br1_br3_br1,0.64731222672,0119
341,i2ifc,left_sup_renal,0.61017575593,0110
342,i2i3d,left_sup_renal,0.672056661488,0110
343,i2i,left_sup_renal,0.615156865157,0110
344,drls,left_sup_renal,0.529869529932,0110
345,oof,left_sup_renal,0.47521582268,0110
346,i2ifc,L_incrd_b10,0.821571196001,0171
347,i2i3d,L_incrd_b10,0.676316129909,0171
348,i2i,L_incrd_b10,0.881808348157,0171
349,drls,L_incrd_b10,0.614043025631,0171
350,oof,L_incrd_b10,0.572363354417,0171
351,i2ifc,IMA,0.975535811706,0177
352,i2i3d,IMA,1.67181144497,0177
353,i2i,IMA,0.970788650631,0177
354,drls,IMA,1.36615598558,0177
355,oof,IMA,1.29497957687,0177
356,i2ifc,r_in_illiac,4.25755446466,0144
357,i2i3d,r_in_illiac,2.94145553163,0144
358,i2i,r_in_illiac,4.23077712692,0144
359,drls,r_in_illiac,3.60190989377,0144
360,oof,r_in_illiac,3.5990026152,0144
361,i2ifc,rca1,1.35351648554,cabg11
362,i2i3d,rca1,1.13210293513,cabg11
363,i2i,rca1,0.808418463617,cabg11
364,drls,rca1,1.23265732089,cabg11
365,oof,rca1,1.25012560547,cabg11
366,i2ifc,L_incrd,2.99912956792,0178
367,i2i3d,L_incrd,2.97699546787,0178
368,i2i,L_incrd,2.99912956792,0178
369,drls,L_incrd,3.39817366062,0178
370,oof,L_incrd,3.42589065197,0178
371,i2ifc,L_antrb_b1,0.17928153307,0171
372,i2i3d,L_antrb_b1,0.553700255233,0171
373,i2i,L_antrb_b1,0.216740804773,0171
374,drls,L_antrb_b1,0.555928434277,0171
375,oof,L_antrb_b1,0.47433435117,0171
376,i2ifc,R_incrd_b6,1.00560062622,0171
377,i2i3d,R_incrd_b6,0.955162061516,0171
378,i2i,R_incrd_b6,0.826072989678,0171
379,drls,R_incrd_b6,1.17141389898,0171
380,oof,R_incrd_b6,0.996337911559,0171
381,i2ifc,rcca,0.394377541243,cabg11
382,i2i3d,rcca,0.605310974068,cabg11
383,i2i,rcca,0.432364981477,cabg11
384,drls,rcca,0.634266312325,cabg11
385,oof,rcca,0.572291852177,cabg11
386,i2ifc,profunda_left,0.633788833977,0004
387,i2i3d,profunda_left,0.707991560182,0004
388,i2i,profunda_left,0.926449298979,0004
389,drls,profunda_left,0.54337653283,0004
390,oof,profunda_left,0.54337653283,0004
391,i2ifc,LPA_br10_br9,0.230930600832,0119
392,i2i3d,LPA_br10_br9,0.780687919359,0119
393,i2i,LPA_br10_br9,0.230930600832,0119
394,drls,LPA_br10_br9,0.690037152212,0119
395,oof,LPA_br10_br9,0.607859676761,0119
396,i2ifc,aorta,5.85176883252,0101
397,i2i3d,aorta,5.85053830599,0101
398,i2i,aorta,5.85176883252,0101
399,drls,aorta,3.96908040933,0101
400,oof,aorta,4.37300802024,0101
401,i2ifc,lca,4.03820560098,cabg11
402,i2i3d,lca,1.56656996549,cabg11
403,i2i,lca,4.12558668807,cabg11
404,drls,lca,3.21232923933,cabg11
405,oof,lca,4.07965630106,cabg11
406,i2ifc,LPA_br13,0.64731222672,0119
407,i2i3d,LPA_br13,1.05103327717,0119
408,i2i,LPA_br13,0.832632122372,0119
409,drls,LPA_br13,1.07787248889,0119
410,oof,LPA_br13,0.997097715749,0119
411,i2ifc,L_incrd_b2,0.493494135874,0171
412,i2i3d,L_incrd_b2,0.624028119789,0171
413,i2i,L_incrd_b2,0.302457768151,0171
414,drls,L_incrd_b2,0.762250665589,0171
415,oof,L_incrd_b2,0.679962065383,0171
416,i2ifc,int_iliac_right,3.6738442193,0148
417,i2i3d,int_iliac_right,3.32156226479,0148
418,i2i,int_iliac_right,3.71432411258,0148
419,drls,int_iliac_right,2.98585737072,0148
420,oof,int_iliac_right,3.26571844962,0148
421,i2ifc,knee_left,0.779539786626,0004
422,i2i3d,knee_left,1.49155459936,0004
423,i2i,knee_left,0.761719379574,0004
424,drls,knee_left,1.40380763106,0004
425,oof,knee_left,1.40380763106,0004
426,i2ifc,aorta,0.854246058302,0148
427,i2i3d,aorta,0.854246058302,0148
428,i2i,aorta,0.854246058302,0148
429,drls,aorta,0.814825398283,0148
430,oof,aorta,0.812988134619,0148
431,i2ifc,aorta,0.331477514083,0006
432,i2i3d,aorta,0.512332667573,0006
433,i2i,aorta,0.234389998019,0006
434,drls,aorta,1.2598083851,0006
435,oof,aorta,1.29091944967,0006
436,i2ifc,LPA_br2,1.51808173487,0119
437,i2i3d,LPA_br2,1.44743414161,0119
438,i2i,LPA_br2,1.67211251591,0119
439,drls,LPA_br2,1.48510359547,0119
440,oof,LPA_br2,1.33089546161,0119
441,i2ifc,RPA_br10_br5,0.222530295081,0119
442,i2i3d,RPA_br10_br5,0.638424222869,0119
443,i2i,RPA_br10_br5,0.151179565513,0119
444,drls,RPA_br10_br5,0.44931964022,0119
445,oof,RPA_br10_br5,0.670437767606,0119
446,i2ifc,l_in_illiac,4.36713159624,0144
447,i2i3d,l_in_illiac,2.47306041819,0144
448,i2i,l_in_illiac,4.4810391556,0144
449,drls,l_in_illiac,3.51789857039,0144
450,oof,l_in_illiac,2.94399630737,0144
451,i2ifc,LPA_br1_br4_br1,0.151179565513,0119
452,i2i,LPA_br1_br4_br1,0.138007430442,0119
453,drls,LPA_br1_br4_br1,0.530925185585,0119
454,oof,LPA_br1_br4_br1,0.588759819963,0119
455,i2ifc,RPA_br1_br2_b3,0.35987934899,0119
456,i2i3d,RPA_br1_br2_b3,0.598385959158,0119
457,i2i,RPA_br1_br2_b3,0.380460229874,0119
458,drls,RPA_br1_br2_b3,0.755897827566,0119
459,oof,RPA_br1_br2_b3,0.775793276002,0119
460,i2ifc,L_incrd_b14,0.394670036505,0171
461,i2i3d,L_incrd_b14,0.893645231461,0171
462,i2i,L_incrd_b14,0.304494543812,0171
463,drls,L_incrd_b14,0.719707278473,0171
464,oof,L_incrd_b14,0.638713143539,0171
465,i2ifc,LPA_br11,0.185156397521,0119
466,i2i3d,LPA_br11,0.859643398895,0119
467,i2i,LPA_br11,0.185156397521,0119
468,drls,LPA_br11,0.598385959158,0119
469,oof,LPA_br11,0.670437767606,0119
470,i2ifc,LPA_br9_5,0.582253986899,0119
471,i2i3d,LPA_br9_5,0.883678722811,0119
472,i2i,LPA_br9_5,0.598385959158,0119
473,drls,LPA_br9_5,0.572356597538,0119
474,oof,LPA_br9_5,0.929887471107,0119
475,i2ifc,L_incrd_b13,0.331698789502,0171
476,i2i3d,L_incrd_b13,0.838696858889,0171
477,i2i,L_incrd_b13,0.292060906378,0171
478,drls,L_incrd_b13,0.623036811586,0171
479,oof,L_incrd_b13,0.597720023245,0171
480,i2ifc,renal_right,1.68008096671,0177
481,i2i3d,renal_right,1.72083258646,0177
482,i2i,renal_right,1.68008096671,0177
483,drls,renal_right,1.72083258646,0177
484,oof,renal_right,1.79571461788,0177
485,i2ifc,C_left,0.144968399434,0178
486,i2i3d,C_left,0.764679510827,0178
487,i2i,C_left,0.225133856943,0178
488,drls,C_left,0.602868438939,0178
489,oof,C_left,0.615048829787,0178
490,i2ifc,RPA_br7_br4,0.753373954652,0119
491,i2i3d,RPA_br7_br4,0.875014996708,0119
492,i2i,RPA_br7_br4,0.727653910752,0119
493,drls,RPA_br7_br4,0.745751087852,0119
494,oof,RPA_br7_br4,0.792792329864,0119
495,i2ifc,R_incrd_b10,0.566937986908,0171
496,i2i3d,R_incrd_b10,0.867675889348,0171
497,i2i,R_incrd_b10,0.504640954944,0171
498,drls,R_incrd_b10,0.686295847455,0171
499,oof,R_incrd_b10,0.626006026872,0171
500,i2ifc,RPA_br4_br3,0.151179565513,0119
501,i2i3d,RPA_br4_br3,0.830341520722,0119
502,i2i,RPA_br4_br3,0.151179565513,0119
503,drls,RPA_br4_br3,0.632429496468,0119
504,oof,RPA_br4_br3,0.6589764484,0119
505,i2ifc,L_incrd_b4,0.479518487114,0171
506,i2i3d,L_incrd_b4,0.67540157083,0171
507,i2i,L_incrd_b4,0.17928153307,0171
508,drls,L_incrd_b4,0.745856261801,0171
509,oof,L_incrd_b4,0.629943210507,0171
510,i2ifc,LPA_br1_br1_br0,0.204698099371,0119
511,i2i3d,LPA_br1_br1_br0,0.81412687576,0119
512,i2i,LPA_br1_br1_br0,0.25447312808,0119
513,drls,LPA_br1_br1_br0,0.64731222672,0119
514,oof,LPA_br1_br1_br0,0.63543392904,0119
515,i2ifc,RPA_br9_br1,0.45353869654,0119
516,i2i3d,RPA_br9_br1,0.936011933383,0119
517,i2i,RPA_br9_br1,0.45353869654,0119
518,drls,RPA_br9_br1,0.700990807442,0119
519,oof,RPA_br9_br1,0.690037152212,0119
520,i2ifc,posterior_tibial_right,0.131019716347,0004
521,i2i3d,posterior_tibial_right,0.989177166173,0004
522,i2i,posterior_tibial_right,0.72712991618,0004
523,drls,posterior_tibial_right,0.647189657014,0004
524,oof,posterior_tibial_right,0.647189657014,0004
525,i2ifc,R_vtbrl_b5,0.478227721685,0171
526,i2i3d,R_vtbrl_b5,0.892260807343,0171
527,i2i,R_vtbrl_b5,0.198895003147,0171
528,drls,R_vtbrl_b5,0.760627126652,0171
529,oof,R_vtbrl_b5,0.67540157083,0171
530,i2ifc,renal_right,0.763669377394,0150
531,i2i3d,renal_right,0.827572044164,0150
532,i2i,renal_right,0.751828824954,0150
533,drls,renal_right,0.637760363499,0150
534,oof,renal_right,0.345874119081,0150
535,i2ifc,R_pcoma,0.111185686855,0171
536,i2i3d,R_pcoma,0.654013830793,0171
537,i2i,R_pcoma,0.222371373711,0171
538,drls,R_pcoma,0.522690997483,0171
539,oof,R_pcoma,0.492240019143,0171
540,i2ifc,L_ant,1.09235401985,0179
541,i2i3d,L_ant,0.804346104765,0179
542,i2i,L_ant,1.08041536609,0179
543,drls,L_ant,0.559289885284,0179
544,oof,L_ant,0.964772580877,0179
545,i2ifc,C_ant,0.19918044975,0179
546,i2i3d,C_ant,0.828640759203,0179
547,i2i,C_ant,0.41524007081,0179
548,drls,C_ant,0.674323300845,0179
549,oof,C_ant,0.532741472539,0179
550,i2ifc,leg_left,0.418443417836,0004
551,i2i3d,leg_left,0.790473557436,0004
552,i2i,leg_left,0.902040061079,0004
553,drls,leg_left,0.743471954753,0004
554,oof,leg_left,0.743471954753,0004
555,i2ifc,L_incrd_b1,1.08825742217,0171
556,i2i3d,L_incrd_b1,2.9235704991,0171
557,i2i,L_incrd_b1,1.07913141265,0171
558,drls,L_incrd_b1,0.96289629354,0171
559,oof,L_incrd_b1,0.924915229487,0171
560,i2ifc,RPA,4.69468742858,0119
561,i2i3d,RPA,6.46900169606,0119
562,i2i,RPA,8.37240022784,0119
563,drls,RPA,5.14491996842,0119
564,oof,RPA,7.46593413037,0119
565,i2ifc,ext_iliac_left,1.62597626924,0148
566,i2i3d,ext_iliac_left,1.43443967719,0148
567,i2i,ext_iliac_left,1.82855897627,0148
568,drls,ext_iliac_left,1.43443967719,0148
569,oof,ext_iliac_left,1.46026889781,0148
570,i2ifc,RPA_br12,0.151179565513,0119
571,i2i3d,RPA_br12,0.706403944257,0119
572,i2i,RPA_br12,1.0364348838,0119
573,drls,RPA_br12,0.925781987607,0119
574,oof,RPA_br12,0.745751087852,0119
575,i2ifc,L_vtbrl_b5,0.47433435117,0171
576,i2i3d,L_vtbrl_b5,0.670810072523,0171
577,i2i,L_vtbrl_b5,0.634830352886,0171
578,drls,L_vtbrl_b5,0.764679510827,0171
579,oof,L_vtbrl_b5,0.741701041382,0171
580,i2ifc,LPA_br7,0.380460229874,0119
581,i2i3d,LPA_br7,0.952151259416,0119
582,i2i,LPA_br7,1.69474023652,0119
583,drls,LPA_br7,1.7467619607,0119
584,oof,LPA_br7,1.75546319492,0119
585,i2ifc,LPA_br4_br1_br1,0.230930600832,0119
586,i2i3d,LPA_br4_br1_br1,0.623329317046,0119
587,i2i,LPA_br4_br1_br1,0.269026008515,0119
588,drls,LPA_br4_br1_br1,0.534500479756,0119
589,oof,LPA_br4_br1_br1,0.667590885244,0119
590,i2ifc,L_incrd_b12,0.227862851817,0171
591,i2i3d,L_incrd_b12,0.201978830507,0171
592,i2i,L_incrd_b12,0.23846673148,0171
593,drls,L_incrd_b12,0.538992614602,0171
594,oof,L_incrd_b12,0.463792271529,0171
595,i2ifc,btrunk,1.86676186061,0101
596,i2i3d,btrunk,2.00079979534,0101
597,i2i,btrunk,1.93494181634,0101
598,drls,btrunk,1.68854963579,0101
599,oof,btrunk,1.7839282098,0101
600,i2ifc,LPA_br7_b1,1.03459560128,0119
601,i2i3d,LPA_br7_b1,0.6589764484,0119
602,i2i,LPA_br7_b1,0.999006038481,0119
603,drls,LPA_br7_b1,1.07963804697,0119
604,oof,LPA_br7_b1,1.12626239709,0119
605,i2ifc,aorta,2.8804661295,0177
606,i2i3d,aorta,2.9821190264,0177
607,i2i,aorta,2.98830921267,0177
608,drls,aorta,2.79003440845,0177
609,oof,aorta,2.7875495918,0177
610,i2ifc,renal_left,1.32158315336,0148
611,i2i3d,renal_left,1.6953125,0148
612,i2i,renal_left,1.26374281341,0148
613,drls,renal_left,1.14190852441,0148
614,oof,renal_left,1.16009706288,0148
615,i2ifc,LPA_br1_br1_br1,0.276014860885,0119
616,i2i3d,LPA_br1_br1_br1,1.13300654357,0119
617,i2i,LPA_br1_br1_br1,0.276014860885,0119
618,drls,LPA_br1_br1_br1,0.690037152212,0119
619,oof,LPA_br1_br1_br1,0.667590885244,0119
620,i2ifc,RPA_br6_br1,0.395193138895,0119
621,i2i3d,RPA_br6_br1,0.541580264783,0119
622,i2i,RPA_br6_br1,0.395193138895,0119
623,drls,RPA_br6_br1,0.690037152212,0119
624,oof,RPA_br6_br1,0.745751087852,0119
625,i2ifc,LPA_br1_br1_br2,0.151179565513,0119
626,i2i3d,LPA_br1_br1_br2,0.795191101851,0119
627,i2i,LPA_br1_br1_br2,0.17456712569,0119
628,drls,LPA_br1_br1_br2,0.638424222869,0119
629,oof,LPA_br1_br1_br2,0.620266255182,0119
630,i2ifc,RPA_br11,1.92122998523,0119
631,i2i3d,RPA_br11,1.75546319492,0119
632,i2i,RPA_br11,0.314705361343,0119
633,drls,RPA_br11,1.38833005685,0119
634,oof,RPA_br11,0.644363180737,0119
635,i2ifc,LPA_br4_br3,1.13468631699,0119
636,i2i3d,LPA_br4_br3,1.16614237176,0119
637,i2i,LPA_br4_br3,1.11436193218,0119
638,drls,LPA_br4_br3,0.977809671171,0119
639,oof,LPA_br4_br3,1.24053251036,0119
640,i2ifc,renal_left,0.944252756254,0177
641,i2i3d,renal_left,1.30917155768,0177
642,i2i,renal_left,1.06170660671,0177
643,drls,renal_left,1.10436229382,0177
644,oof,renal_left,1.0397227227,0177
645,i2ifc,LPA_br10_br7,1.06543166421,0119
646,i2i,LPA_br10_br7,1.17913600258,0119
647,drls,LPA_br10_br7,1.52434189229,0119
648,oof,LPA_br10_br7,1.51305496035,0119
649,i2ifc,lsubcl2,0.508649423921,cabg11
650,i2i3d,lsubcl2,0.798179013958,cabg11
651,i2i,lsubcl2,0.813030129458,cabg11
652,drls,lsubcl2,0.48916513656,cabg11
653,oof,lsubcl2,0.621162684775,cabg11
654,i2ifc,LPA_br4_br1,1.27535592805,0119
655,i2i3d,LPA_br4_br1,0.931933430612,0119
656,i2i,LPA_br4_br1,1.3034215498,0119
657,drls,LPA_br4_br1,1.24359934449,0119
658,oof,LPA_br4_br1,0.714446753072,0119
659,i2ifc,rsubcl2,0.284179264116,cabg11
660,i2i3d,rsubcl2,0.85952592394,cabg11
661,i2i,rsubcl2,0.634266312325,cabg11
662,drls,rsubcl2,0.557734067521,cabg11
663,oof,rsubcl2,0.525994701748,cabg11
664,i2ifc,R_vtbrl_i,0.264934764966,0179
665,i2i,R_vtbrl_i,0.564720011516,0179
666,drls,R_vtbrl_i,0.631074000836,0179
667,oof,R_vtbrl_i,0.574099158465,0179
668,i2ifc,R_incrd_b2,0.73919669757,0171
669,i2i3d,R_incrd_b2,1.06297238265,0171
670,i2i,R_incrd_b2,0.793245787471,0171
671,drls,R_incrd_b2,0.978181316945,0171
672,oof,R_incrd_b2,0.98761433478,0171
673,i2ifc,RCCA,0.396322807022,0177
674,i2i3d,RCCA,0.696472954025,0177
675,i2i,RCCA,0.547981989795,0177
676,drls,RCCA,0.475781604648,0177
677,oof,RCCA,0.535186871615,0177
678,i2ifc,L_incrd_b9,0.499717510822,0171
679,i2i3d,L_incrd_b9,0.670810072523,0171
680,i2i,L_incrd_b9,0.365393452574,0171
681,drls,L_incrd_b9,0.677229453931,0171
682,oof,L_incrd_b9,0.611015679208,0171
683,i2ifc,LCCA,0.552181146911,0177
684,i2i3d,LCCA,0.735194987777,0177
685,i2i,LCCA,0.67285679802,0177
686,drls,LCCA,0.480611998586,0177
687,oof,LCCA,0.485394325315,0177
688,i2ifc,RPA_br10_br1,0.17456712569,0119
689,i2i3d,RPA_br10_br1,0.656079834605,0119
690,i2i,RPA_br10_br1,0.222530295081,0119
691,drls,RPA_br10_br1,0.632429496468,0119
692,oof,RPA_br10_br1,0.63543392904,0119
693,i2ifc,SMA,2.73231197116,0177
694,i2i3d,SMA,2.73231197116,0177
695,i2i,SMA,2.73231197116,0177
696,drls,SMA,2.85468962789,0177
697,oof,SMA,2.7875495918,0177
698,i2ifc,LPA_br4_br4_br2,0.151179565513,0119
699,i2i3d,LPA_br4_br4_br2,1.13468631699,0119
700,i2i,LPA_br4_br4_br2,0.222530295081,0119
701,drls,LPA_br4_br4_br2,0.63543392904,0119
702,oof,LPA_br4_br4_br2,0.620266255182,0119
703,i2ifc,R_incrd_b11,0.285641201415,0171
704,i2i3d,R_incrd_b11,0.691678642442,0171
705,i2i,R_incrd_b11,0.292060906378,0171
706,drls,R_incrd_b11,0.522690997483,0171
707,oof,R_incrd_b11,0.413036494839,0171
708,i2ifc,RPA_br1_br1_br2,0.276014860885,0119
709,i2i3d,RPA_br1_br1_br2,0.748300671659,0119
710,i2i,RPA_br1_br1_br2,0.848493207048,0119
711,drls,RPA_br1_br1_br2,0.610984939915,0119
712,oof,RPA_br1_br1_br2,0.795191101851,0119
713,i2ifc,RPA_br7_br1,0.230930600832,0119
714,i2i3d,RPA_br7_br1,0.461861201663,0119
715,i2i,RPA_br7_br1,0.230930600832,0119
716,drls,RPA_br7_br1,0.676095570593,0119
717,oof,RPA_br7_br1,0.63543392904,0119
718,i2ifc,internal_iliac_right,0.750366741765,0004
719,i2i3d,internal_iliac_right,0.514158494535,0004
720,i2i,internal_iliac_right,0.783931594823,0004
721,drls,internal_iliac_right,0.472398305385,0004
722,oof,internal_iliac_right,0.472398305385,0004
723,i2ifc,int_iliac_right,1.11138132836,0150
724,i2i3d,int_iliac_right,1.12873728191,0150
725,i2i,int_iliac_right,1.11138132836,0150
726,drls,int_iliac_right,1.10598624151,0150
727,oof,int_iliac_right,1.03184168632,0150
728,i2ifc,RPA_br10_br2,0.185156397521,0119
729,i2i3d,RPA_br10_br2,0.883678722811,0119
730,i2i,RPA_br10_br2,0.185156397521,0119
731,drls,RPA_br10_br2,0.714446753072,0119
732,oof,RPA_br10_br2,0.661860385367,0119
733,i2ifc,om2,0.640133840723,cabg11
734,i2i3d,om2,1.2149379046,cabg11
735,i2i,om2,0.672045963408,cabg11
736,drls,om2,0.922468698791,cabg11
737,oof,om2,1.02462290819,cabg11
738,i2ifc,profunda_branch_right,0.315537261215,0004
739,i2i3d,profunda_branch_right,0.530589411479,0004
740,i2i,profunda_branch_right,0.8470807174,0004
741,drls,profunda_branch_right,0.479610910383,0004
742,oof,profunda_branch_right,0.479610910383,0004
743,i2ifc,LPA_br4,1.66526424474,0119
744,i2i3d,LPA_br4,0.885831414729,0119
745,i2i,LPA_br4,1.38833005685,0119
746,drls,LPA_br4,1.79409659575,0119
747,oof,LPA_br4,1.67211251591,0119
748,i2ifc,renal_left,0.472398305385,0004
749,i2i3d,renal_left,0.636491570477,0004
750,i2i,renal_left,0.461368030196,0004
751,drls,renal_left,0.450067505653,0004
752,oof,renal_left,0.450067505653,0004
753,i2ifc,LPA_br3_br1,0.19517197984,0119
754,i2i3d,LPA_br3_br1,0.837194524318,0119
755,i2i,LPA_br3_br1,0.230930600832,0119
756,drls,LPA_br3_br1,0.664731810499,0119
757,oof,LPA_br3_br1,0.700990807442,0119
758,i2ifc,right_internal_iliac,0.174703989605,0006
759,i2i3d,right_internal_iliac,0.552462523471,0006
760,i2i,right_internal_iliac,0.234389998019,0006
761,drls,right_internal_iliac,0.191378631986,0006
762,oof,right_internal_iliac,0.174703989605,0006
763,i2ifc,LPA_br8,0.222530295081,0119
764,i2i3d,LPA_br8,0.795191101851,0119
765,i2i,LPA_br8,0.230930600832,0119
766,drls,LPA_br8,2.14156229105,0119
767,oof,LPA_br8,0.610984939915,0119
768,i2ifc,L_vtbrl_b2,0.962254148558,0171
769,i2i3d,L_vtbrl_b2,1.33422824226,0171
770,i2i,L_vtbrl_b2,0.962254148558,0171
771,drls,L_vtbrl_b2,1.14957612588,0171
772,oof,L_vtbrl_b2,1.10628361607,0171
773,i2ifc,anterior_tibial_left,0.685822827238,0004
774,i2i3d,anterior_tibial_left,1.04487710385,0004
775,i2i,anterior_tibial_left,0.878906976432,0004
776,drls,anterior_tibial_left,0.555869579387,0004
777,oof,anterior_tibial_left,0.555869579387,0004
778,i2ifc,RPA_br1,8.32014281404,0119
779,i2i3d,RPA_br1,2.04884104043,0119
780,i2i,RPA_br1,8.52903784986,0119
781,drls,RPA_br1,1.87405757064,0119
782,oof,RPA_br1,2.67178963643,0119
783,i2ifc,R_vtbrl_b6,0.393100765732,0171
784,i2i3d,R_vtbrl_b6,0.704955835392,0171
785,i2i,R_vtbrl_b6,0.42918251214,0171
786,drls,R_vtbrl_b6,0.631902603141,0171
787,oof,R_vtbrl_b6,0.520320504552,0171
788,i2ifc,RPA_br4_br2,0.80234438926,0119
789,i2i3d,RPA_br4_br2,1.35641015656,0119
790,i2i,RPA_br4_br2,0.80234438926,0119
791,drls,RPA_br4_br2,0.632429496468,0119
792,oof,RPA_br4_br2,0.678906790912,0119
793,i2ifc,celiac_hepatic,2.91182051824,0148
794,i2i3d,celiac_hepatic,2.18202439692,0148
795,i2i,celiac_hepatic,2.84111957672,0148
796,drls,celiac_hepatic,2.75507787577,0148
797,oof,celiac_hepatic,2.80456780733,0148
798,i2ifc,l_renal,1.14973884603,0144
799,i2i3d,l_renal,1.28136908745,0144
800,i2i,l_renal,1.19439302871,0144
801,drls,l_renal,1.22529293373,0144
802,oof,l_renal,1.04480322048,0144
803,i2ifc,aorta,0.455543116785,0110
804,i2i3d,aorta,0.552427172802,0110
805,i2i,aorta,0.47521582268,0110
806,drls,aorta,2.69729320338,0110
807,oof,aorta,2.69729320338,0110
808,i2ifc,LPA_br4_b2_br3,0.610984939915,0119
809,i2i3d,LPA_br4_b2_br3,1.57352680671,0119
810,i2i,LPA_br4_b2_br3,0.72240002318,0119
811,drls,LPA_br4_b2_br3,1.01414335589,0119
812,oof,LPA_br4_b2_br3,0.841732197253,0119
813,i2ifc,L_vtbrl_b3,0.189342401982,0171
814,i2i3d,L_vtbrl_b3,0.611015679208,0171
815,i2i,L_vtbrl_b3,0.144968399434,0171
816,drls,L_vtbrl_b3,0.61605299181,0171
817,oof,L_vtbrl_b3,0.551463073336,0171
818,i2ifc,dc_2,0.862427397556,0177
819,i2i3d,dc_2,0.90936057623,0177
820,i2i,dc_2,0.762947895223,0177
821,drls,dc_2,0.455948575901,0177
822,oof,dc_2,0.475781604648,0177
823,i2ifc,rima,0.374937977351,cabg11
824,i2i,rima,0.65056204654,cabg11
825,drls,rima,0.574899117848,cabg11
826,oof,rima,0.615114218555,cabg11
827,i2ifc,svg1,0.311782822086,cabg11
828,i2i3d,svg1,0.922468698791,cabg11
829,i2i,svg1,0.569672653752,cabg11
830,drls,svg1,0.574899117848,cabg11
831,oof,svg1,0.581366128005,cabg11
832,i2ifc,R_incrd,2.05798669457,0171
833,i2i3d,R_incrd,1.85083262453,0171
834,i2i,R_incrd,1.89831449035,0171
835,drls,R_incrd,2.62242703382,0171
836,oof,R_incrd,3.25510221678,0171
837,i2ifc,R_incrd_b5,0.77511656435,0171
838,i2i3d,R_incrd_b5,1.0220619909,0171
839,i2i,R_incrd_b5,0.809444018422,0171
840,drls,R_incrd_b5,1.27451973886,0171
841,oof,R_incrd_b5,1.25693931424,0171
842,i2ifc,L_vtrbl_i,0.17928153307,0178
843,i2i3d,L_vtrbl_i,0.560358212952,0178
844,i2i,L_vtrbl_i,0.225133856943,0178
845,drls,L_vtrbl_i,0.517939162513,0178
846,oof,L_vtrbl_i,0.473029439891,0178
847,i2ifc,superior_mesenteric_artery,0.101487435887,0004
848,i2i3d,superior_mesenteric_artery,0.568087952825,0004
849,i2i,superior_mesenteric_artery,0.185289859796,0004
850,drls,superior_mesenteric_artery,0.39305914904,0004
851,oof,superior_mesenteric_artery,0.39305914904,0004
852,i2ifc,L_incrd,1.63410161432,0179
853,i2i3d,L_incrd,1.55613939743,0179
854,i2i,L_incrd,1.58960858979,0179
855,drls,L_incrd,2.03762521184,0179
856,oof,L_incrd,2.07325851714,0179
857,i2ifc,ext_iliac_left,2.62363092239,0177
858,i2i3d,ext_iliac_left,2.59174225837,0177
859,i2i,ext_iliac_left,2.74748691522,0177
860,drls,ext_iliac_left,2.5765465356,0177
861,oof,ext_iliac_left,2.56306372964,0177
862,i2ifc,RPA_br1_br1_br3,1.39653700552,0119
863,i2i3d,RPA_br1_br1_br3,1.6491743578,0119
864,i2i,RPA_br1_br1_br3,1.6491743578,0119
865,drls,RPA_br1_br1_br3,1.25579178648,0119
866,oof,RPA_br1_br1_br3,1.23128617642,0119
867,i2ifc,R_antrb_b1,0.427739877765,0171
868,i2i3d,R_antrb_b1,0.47433435117,0171
869,i2i,R_antrb_b1,0.400885695055,0171
870,drls,R_antrb_b1,0.698791206284,0171
871,oof,R_antrb_b1,0.498479051642,0171
872,i2ifc,RPA_br4,2.25759234793,0119
873,i2i3d,RPA_br4,2.4038660175,0119
874,i2i,RPA_br4,1.09017135052,0119
875,drls,RPA_br4,2.19080004018,0119
876,oof,RPA_br4,1.45661596363,0119
877,i2ifc,RPA_br1_br1_br2_b1,0.138007430442,0119
878,i2i3d,RPA_br1_br1_br2_b1,0.841732197253,0119
879,i2i,RPA_br1_br1_br2_b1,0.17456712569,0119
880,drls,RPA_br1_br1_br2_b1,0.610984939915,0119
881,oof,RPA_br1_br1_br2_b1,0.667590885244,0119
882,i2ifc,R_incrd,2.16788076961,0179
883,i2i3d,R_incrd,1.58864839122,0179
884,i2i,R_incrd,1.74561741965,0179
885,drls,R_incrd,2.59993145192,0179
886,oof,R_incrd,2.58226466891,0179
887,i2ifc,posterior_tibial_left,0.241588419928,0004
888,i2i3d,posterior_tibial_left,1.03497283195,0004
889,i2i,posterior_tibial_left,0.597541843128,0004
890,drls,posterior_tibial_left,0.641862902587,0004
891,oof,posterior_tibial_left,0.641862902587,0004
892,i2ifc,LPA_br4_br3_br1,0.246875196695,0119
893,i2i3d,LPA_br4_br3_br1,0.900756219252,0119
894,i2i,LPA_br4_br3_br1,0.289486828322,0119
895,drls,LPA_br4_br3_br1,0.745751087852,0119
896,oof,LPA_br4_br3_br1,0.692791802495,0119
897,i2ifc,RPA_br1_br2_b2_b1,0.72240002318,0119
898,i2i3d,RPA_br1_br2_b2_b1,0.892258329093,0119
899,i2i,RPA_br1_br2_b2_b1,0.692791802495,0119
900,drls,RPA_br1_br2_b2_b1,0.807078025546,0119
901,oof,RPA_br1_br2_b2_b1,0.885831414729,0119
902,i2ifc,inferior_mesenteric_artery,0.11048543456,0110
903,i2i3d,inferior_mesenteric_artery,0.703125,0110
904,i2i,inferior_mesenteric_artery,0.220970869121,0110
905,drls,inferior_mesenteric_artery,0.358013726168,0110
906,oof,inferior_mesenteric_artery,0.322117627001,0110
907,i2ifc,renal_left,1.20560823278,0150
908,i2i3d,renal_left,1.2043672564,0150
909,i2i,renal_left,1.2043672564,0150
910,drls,renal_left,0.420062658087,0150
911,oof,renal_left,0.792497165807,0150
912,i2ifc,LPA_br1_br3,0.6589764484,0119
913,i2i3d,LPA_br1_br3,0.725031725969,0119
914,i2i,LPA_br1_br3,0.185156397521,0119
915,drls,LPA_br1_br3,0.585515939519,0119
916,oof,LPA_br1_br3,1.006603152,0119
917,i2ifc,celiac_trunk,2.17631066831,0110
918,i2i3d,celiac_trunk,0.676582346707,0110
919,i2i,celiac_trunk,0.427908248051,0110
920,drls,celiac_trunk,2.31360826484,0110
921,oof,celiac_trunk,2.23579500332,0110
922,i2ifc,rca1_2,0.35653729749,cabg11
923,i2i3d,rca1_2,1.00621280481,cabg11
924,i2i,rca1_2,0.666459449513,cabg11
925,drls,rca1_2,0.541406594217,cabg11
926,oof,rca1_2,0.568358528233,cabg11
927,i2ifc,om,2.37950055383,cabg11
928,i2i3d,om,2.60856224199,cabg11
929,i2i,om,0.726579027797,cabg11
930,drls,om,2.12132201595,cabg11
931,oof,om,2.04705528042,cabg11
932,i2ifc,LPA_br1_br3_br1,0.087283562845,0119
933,i2i3d,LPA_br1_br3_br1,0.71975869798,0119
934,i2i,LPA_br1_br3_br1,0.17456712569,0119
935,drls,LPA_br1_br3_br1,0.497592866855,0119
936,oof,LPA_br1_br3_br1,0.629410722686,0119
937,i2ifc,RPA_br10_br4,0.370312795043,0119
938,i2i3d,RPA_br10_br4,0.830341520722,0119
939,i2i,RPA_br10_br4,0.33236590525,0119
940,drls,RPA_br10_br4,0.620266255182,0119
941,oof,RPA_br10_br4,0.690037152212,0119
942,i2ifc,ext_iliac_left,0.660791576681,0150
943,i2i3d,ext_iliac_left,0.65625,0150
944,i2i,ext_iliac_left,0.573567338843,0150
945,drls,ext_iliac_left,0.573567338843,0150
946,oof,ext_iliac_left,0.606513715194,0150
947,i2ifc,IMA,0.667546010235,0144
948,i2i3d,IMA,0.775329126182,0144
949,i2i,IMA,0.704599149118,0144
950,drls,IMA,0.658524703528,0144
951,oof,IMA,0.250609608318,0144
952,i2ifc,dc_4,0.435212674921,0177
953,i2i3d,dc_4,0.88097634537,0177
954,i2i,dc_4,0.455948575901,0177
955,drls,dc_4,0.508631930149,0177
956,oof,dc_4,0.396322807022,0177
957,i2ifc,lca1,1.39968772272,cabg11
958,i2i3d,lca1,1.6112775861,cabg11
959,i2i,lca1,1.52104009478,cabg11
960,drls,lca1,1.77427754204,cabg11
961,oof,lca1,1.85221847678,cabg11
962,i2ifc,left_iliac_branch1,0.292316983342,0110
963,i2i3d,left_iliac_branch1,0.92768297555,0110
964,i2i,left_iliac_branch1,0.270632938683,0110
965,drls,left_iliac_branch1,0.420716000557,0110
966,oof,left_iliac_branch1,0.366438731236,0110
967,i2ifc,RPA_br4_br2_b1,0.151179565513,0119
968,i2i3d,RPA_br4_br2_b1,0.991350706983,0119
969,i2i,RPA_br4_br2_b1,0.151179565513,0119
970,drls,RPA_br4_br2_b1,0.436417814225,0119
971,oof,RPA_br4_br2_b1,0.629410722686,0119
972,i2ifc,RPA_br12_br3,0.138007430442,0119
973,i2i3d,RPA_br12_br3,0.804714688041,0119
974,i2i,RPA_br12_br3,0.19517197984,0119
975,drls,RPA_br12_br3,0.64731222672,0119
976,oof,RPA_br12_br3,0.632429496468,0119
977,i2ifc,L_pcoma,0.17928153307,0171
978,i2i3d,L_pcoma,0.742533945677,0171
979,i2i,L_pcoma,0.246120009571,0171
980,drls,L_pcoma,0.585179047672,0171
981,oof,L_pcoma,0.550341072024,0171
982,i2ifc,LPA_br5_br2_b1,0.582253986899,0119
983,i2i3d,LPA_br5_br2_b1,0.997097715749,0119
984,i2i,LPA_br5_br2_b1,0.527325651298,0119
985,drls,LPA_br5_br2_b1,0.598385959158,0119
986,oof,LPA_br5_br2_b1,0.783123769021,0119
987,i2ifc,RPA_br5,1.38145368938,0119
988,i2i3d,RPA_br5,1.68120015085,0119
989,i2i,RPA_br5,1.59157933011,0119
990,drls,RPA_br5,0.983635798226,0119
991,oof,RPA_br5,0.692791802495,0119
992,i2ifc,RPA_br9,1.52434189229,0119
993,i2i3d,RPA_br9,0.572356597538,0119
994,i2i,RPA_br9,1.5255908412,0119
995,drls,RPA_br9,0.638424222869,0119
996,oof,RPA_br9,0.614094298113,0119
997,i2ifc,LPA_br5_br2,0.857424960619,0119
998,i2i3d,LPA_br5_br2,1.27386166166,0119
999,i2i,LPA_br5_br2,0.632429496468,0119
1000,drls,LPA_br5_br2,0.832632122372,0119
1001,oof,LPA_br5_br2,0.725031725969,0119
1002,i2ifc,RPA_br10_br3,0.482039231245,0119
1003,i2i3d,RPA_br10_br3,0.64731222672,0119
1004,i2i,RPA_br10_br3,0.482039231245,0119
1005,drls,RPA_br10_br3,0.59519454462,0119
1006,oof,RPA_br10_br3,0.656079834605,0119
1007,i2ifc,LPA_br10,0.151179565513,0119
1008,i2i3d,LPA_br10,2.85378544158,0119
1009,i2i,LPA_br10,1.8036256503,0119
1010,drls,LPA_br10,1.73692096993,0119
1011,oof,LPA_br10,1.39926195837,0119
1012,i2ifc,R_vtbrl_b2,0.216740804773,0171
1013,i2i3d,R_vtbrl_b2,0.699675192983,0171
1014,i2i,R_vtbrl_b2,0.222371373711,0171
1015,drls,R_vtbrl_b2,0.60184227915,0171
1016,oof,R_vtbrl_b2,0.536694128162,0171
1017,i2ifc,RPA_br1_br1,1.56503103492,0119
1018,i2i3d,RPA_br1_br1,1.39380672528,0119
1019,i2i,RPA_br1_br1,2.25843583473,0119
1020,drls,RPA_br1_br1,1.55526475524,0119
1021,oof,RPA_br1_br1,1.15300231996,0119
1022,i2ifc,right_inf_renal,0.500244081049,0110
1023,i2i3d,right_inf_renal,0.594982273896,0110
1024,i2i,right_inf_renal,0.64895498929,0110
1025,drls,right_inf_renal,0.524078432227,0110
1026,oof,right_inf_renal,0.47521582268,0110
1027,i2ifc,RPA_br1_br1_br4,0.59519454462,0119
1028,i2i3d,RPA_br1_br1_br4,0.482039231245,0119
1029,i2i,RPA_br1_br1_br4,0.585515939519,0119
1030,drls,RPA_br1_br1_br4,0.63543392904,0119
1031,oof,RPA_br1_br1_br4,0.6589764484,0119
1032,i2ifc,R_incrd_b7,0.274608389284,0171
1033,i2i3d,R_incrd_b7,0.912129318413,0171
1034,i2i,R_incrd_b7,0.289936798869,0171
1035,drls,R_incrd_b7,0.61303557126,0171
1036,oof,R_incrd_b7,0.508302243252,0171
1037,i2ifc,superior_mesenteric_branch1,0.174692810742,0110
1038,i2i3d,superior_mesenteric_branch1,0.574099158465,0110
1039,i2i,superior_mesenteric_branch1,0.247052942201,0110
1040,drls,superior_mesenteric_branch1,0.405949408024,0110
1041,oof,superior_mesenteric_branch1,0.47521582268,0110
1042,i2ifc,dc_1,0.611719205976,0177
1043,i2i3d,dc_1,0.829664945439,0177
1044,i2i,dc_1,0.693148481802,0177
1045,drls,dc_1,0.413438073908,0177
1046,oof,dc_1,0.535186871615,0177
1047,i2ifc,RPA_br4_br1,0.138007430442,0119
1048,i2i,RPA_br4_br1,0.185156397521,0119
1049,drls,RPA_br4_br1,0.610984939915,0119
1050,oof,RPA_br4_br1,0.6589764484,0119
1051,i2ifc,anterior_tibial_right,0.761719379574,0004
1052,i2i3d,anterior_tibial_right,1.37289658557,0004
1053,i2i,anterior_tibial_right,0.902040061079,0004
1054,drls,anterior_tibial_right,0.611737215118,0004
1055,oof,anterior_tibial_right,0.611737215118,0004
1056,i2ifc,rt_carotid,0.873613167187,0101
1057,i2i3d,rt_carotid,0.921737469142,0101
1058,i2i,rt_carotid,0.86533228677,0101
1059,drls,rt_carotid,2.68328151302,0101
1060,oof,rt_carotid,1.34164075651,0101
1061,i2ifc,RPA_br7_br8,0.670437767606,0119
1062,i2i3d,RPA_br7_br8,0.837194524318,0119
1063,i2i,RPA_br7_br8,0.670437767606,0119
1064,drls,RPA_br7_br8,0.692791802495,0119
1065,oof,RPA_br7_br8,0.91958939645,0119
1066,i2ifc,aneurysm_2,0.616395853049,0179
1067,i2i3d,aneurysm_2,0.712823734019,0179
1068,i2i,aneurysm_2,0.294915407628,0179
1069,drls,aneurysm_2,0.438475475013,0179
1070,oof,aneurysm_2,0.498716614641,0179
1071,i2ifc,dc_3,0.641216383032,0177
1072,i2i3d,dc_3,0.807084790329,0177
1073,i2i,dc_3,0.564591261529,0177
1074,drls,dc_3,0.311472173938,0177
1075,oof,dc_3,0.418987826578,0177
1076,i2ifc,LPA_br3_br2,0.138007430442,0119
1077,i2i3d,LPA_br3_br2,0.753373954652,0119
1078,i2i,LPA_br3_br2,0.185156397521,0119
1079,drls,LPA_br3_br2,0.582253986899,0119
1080,oof,LPA_br3_br2,0.638424222869,0119
1081,i2ifc,LPA_br2_br1,0.282831069016,0119
1082,i2i3d,LPA_br2_br1,0.839466426797,0119
1083,i2i,LPA_br2_br1,0.944116084029,0119
1084,drls,LPA_br2_br1,0.610984939915,0119
1085,oof,LPA_br2_br1,0.604718262053,0119
1086,i2ifc,lima,2.57857777182,cabg11
1087,i2i3d,lima,2.61400301662,cabg11
1088,i2i,lima,2.54677287978,cabg11
1089,drls,lima,2.85884486174,cabg11
1090,oof,lima,2.87657591923,cabg11
1091,i2ifc,celiac_splenic,3.50945500963,0177
1092,i2i3d,celiac_splenic,3.32074720818,0177
1093,i2i,celiac_splenic,3.58949922438,0177
1094,drls,celiac_splenic,3.57466785184,0177
1095,oof,celiac_splenic,3.47439596158,0177
1096,i2ifc,LPA_br6_b1,0.470036370874,0119
1097,i2i3d,LPA_br6_b1,0.997097715749,0119
1098,i2i,LPA_br6_b1,0.474071091838,0119
1099,drls,LPA_br6_b1,0.638424222869,0119
1100,oof,LPA_br6_b1,0.670437767606,0119
1101,i2ifc,C_ant,0.105480004102,0178
1102,i2i3d,C_ant,0.672650432834,0178
1103,i2i,C_ant,0.436324142361,0178
1104,drls,C_ant,0.615048829787,0178
1105,oof,C_ant,0.493494135874,0178
1106,i2ifc,RPA_br1_br1_br1,0.610984939915,0119
1107,i2i3d,RPA_br1_br1_br1,1.28872636147,0119
1108,i2i,RPA_br1_br1_br1,0.610984939915,0119
1109,drls,RPA_br1_br1_br1,0.929887471107,0119
1110,oof,RPA_br1_br1_br1,0.936011933383,0119
1111,i2ifc,R_incrd_b3,0.642572472577,0171
1112,i2i3d,R_incrd_b3,0.742533945677,0171
1113,i2i,R_incrd_b3,0.605936491521,0171
1114,drls,R_incrd_b3,1.03408666328,0171
1115,oof,R_incrd_b3,0.8482236469,0171
1116,i2ifc,profunda_right,0.241588419928,0004
1117,i2i3d,profunda_right,0.976953854375,0004
1118,i2i,profunda_right,0.83277434476,0004
1119,drls,profunda_right,0.552772788833,0004
1120,oof,profunda_right,0.552772788833,0004
1121,i2ifc,right_iliac,0.135325128451,0006
1122,i2i3d,right_iliac,0.481625661981,0006
1123,i2i,right_iliac,0.174703989605,0006
1124,drls,right_iliac,2.43459897924,0006
1125,oof,right_iliac,0.331477514083,0006
1126,i2ifc,L_incrd_b11,0.423382481855,0171
1127,i2i3d,L_incrd_b11,0.973112985861,0171
1128,i2i,L_incrd_b11,0.300407183368,0171
1129,drls,L_incrd_b11,0.56911434035,0171
1130,oof,L_incrd_b11,0.542422082592,0171
1131,i2ifc,RPA_br7_br7,0.432031594217,0119
1132,i2i3d,RPA_br7_br7,0.664731810499,0119
1133,i2i,RPA_br7_br7,0.432031594217,0119
1134,drls,RPA_br7_br7,0.72240002318,0119
1135,oof,RPA_br7_br7,0.748300671659,0119
1136,i2ifc,R_antrb,1.79005502832,0171
1137,i2i3d,R_antrb,0.808680031449,0171
1138,i2i,R_antrb,1.50532445042,0171
1139,drls,R_antrb,1.21696277017,0171
1140,oof,R_antrb,1.5696489456,0171
1141,i2ifc,dc_5,0.619225243903,0177
1142,i2i3d,dc_5,0.783854448142,0177
1143,i2i,dc_5,0.683077992789,0177
1144,drls,dc_5,0.311472173938,0177
1145,oof,dc_5,0.396322807022,0177
1146,i2ifc,splenic_branch1,0.741158826602,0110
1147,i2i3d,splenic_branch1,1.06261488349,0110
1148,i2i,splenic_branch1,0.711752623371,0110
1149,drls,splenic_branch1,0.855816496102,0110
1150,oof,splenic_branch1,0.773398041923,0110
1151,i2ifc,L_incrd_b3,0.175800006837,0171
1152,i2i3d,L_incrd_b3,0.790122760434,0171
1153,i2i,L_incrd_b3,0.23846673148,0171
1154,drls,L_incrd_b3,0.615048829787,0171
1155,oof,L_incrd_b3,0.508302243252,0171
1156,i2ifc,RPA_br6_br2,0.890121180325,0119
1157,i2i3d,RPA_br6_br2,1.33803168146,0119
1158,i2i,RPA_br6_br2,0.839466426797,0119
1159,drls,RPA_br6_br2,0.859643398895,0119
1160,oof,RPA_br6_br2,1.15300231996,0119
1161,i2ifc,RPA_br2_br4,0.933974908263,0119
1162,i2i3d,RPA_br2_br4,0.743192757541,0119
1163,i2i,RPA_br2_br4,0.933974908263,0119
1164,drls,RPA_br2_br4,1.01226357048,0119
1165,oof,RPA_br2_br4,1.1935847704,0119
1166,i2ifc,RPA_br2_br3,0.39034395968,0119
1167,i2i3d,RPA_br2_br3,0.828044582654,0119
1168,i2i,RPA_br2_br3,0.380460229874,0119
1169,drls,RPA_br2_br3,0.558887496782,0119
1170,oof,RPA_br2_br3,0.641400575707,0119
1171,i2ifc,left_iliac_internal,0.47521582268,0110
1172,i2i3d,left_iliac_internal,0.546875,0110
1173,i2i,left_iliac_internal,0.47521582268,0110
1174,drls,left_iliac_internal,0.47521582268,0110
1175,oof,left_iliac_internal,0.398360899499,0110
1176,i2ifc,aneurysm_1,0.0786201531463,0178
1177,i2i3d,aneurysm_1,0.606955729401,0178
1178,i2i,aneurysm_1,0.0786201531463,0178
1179,drls,aneurysm_1,0.463792271529,0178
1180,oof,aneurysm_1,0.42918251214,0178
1181,i2ifc,RPA_br11_br2,0.512674850008,0119
1182,i2i3d,RPA_br11_br2,0.883678722811,0119
1183,i2i,RPA_br11_br2,0.45353869654,0119
1184,drls,RPA_br11_br2,0.714446753072,0119
1185,oof,RPA_br11_br2,0.64731222672,0119
1186,i2ifc,RPA_br5_br1,0.436417814225,0119
1187,i2i3d,RPA_br5_br1,1.14471319508,0119
1188,i2i,RPA_br5_br1,0.743192757541,0119
1189,drls,RPA_br5_br1,0.692791802495,0119
1190,oof,RPA_br5_br1,0.783123769021,0119
1191,i2ifc,LPA_br13_br1,0.700990807442,0119
1192,i2i3d,LPA_br13_br1,0.830341520722,0119
1193,i2i,LPA_br13_br1,0.692791802495,0119
1194,drls,LPA_br13_br1,0.839466426797,0119
1195,oof,LPA_br13_br1,0.775793276002,0119
1196,i2ifc,lcca,0.586488395505,cabg11
1197,i2i3d,lcca,0.877605062711,cabg11
1198,i2i,lcca,0.600349325024,cabg11
1199,drls,lcca,0.493729762399,cabg11
1200,oof,lcca,0.628343994849,cabg11
1201,i2ifc,internal_iliac_left,0.715228459258,0004
1202,i2i3d,internal_iliac_left,0.688321279327,0004
1203,i2i,internal_iliac_left,0.917138014427,0004
1204,drls,internal_iliac_left,0.524078865387,0004
1205,oof,internal_iliac_left,0.524078865387,0004
1206,i2ifc,R_antrb_b2,0.349837596491,0171
1207,i2i3d,R_antrb_b2,0.470408758008,0171
1208,i2i,R_antrb_b2,0.326060438982,0171
1209,drls,R_antrb_b2,0.748338319449,0171
1210,oof,R_antrb_b2,0.642572472577,0171
1211,i2ifc,subclavian,0.293938762564,0101
1212,i2i3d,subclavian,1.02528042652,0101
1213,i2i,subclavian,0.646219762412,0101
1214,drls,subclavian,0.729931487321,0101
1215,oof,subclavian,0.611882327954,0101
1216,i2ifc,renal_left,0.234389998019,0006
1217,i2i3d,renal_left,0.500276092442,0006
1218,i2i,renal_left,0.546909995377,0006
1219,drls,renal_left,0.475246232475,0006
1220,oof,renal_left,0.462223309546,0006
1221,i2ifc,celiac_hepatic,0.840125316173,0150
1222,i2i3d,celiac_hepatic,0.713037763069,0150
1223,i2i,celiac_hepatic,0.940879326083,0150
1224,drls,celiac_hepatic,0.604043180627,0150
1225,oof,celiac_hepatic,0.604043180627,0150
1226,i2ifc,LPA_br4_b2,1.09365990776,0119
1227,i2i3d,LPA_br4_b2,0.993270071233,0119
1228,i2i,LPA_br4_b2,0.997097715749,0119
1229,drls,LPA_br4_b2,0.610984939915,0119
1230,oof,LPA_br4_b2,1.01789251232,0119
1231,i2ifc,LPA_br12,1.12795221409,0119
1232,i2i3d,LPA_br12,1.38007430442,0119
1233,i2i,LPA_br12,0.678906790912,0119
1234,drls,LPA_br12,0.678906790912,0119
1235,oof,LPA_br12,0.706403944257,0119
1236,i2ifc,SMA,0.969064968958,0150
1237,i2i3d,SMA,1.00986950928,0150
1238,i2i,SMA,0.984375,0150
1239,drls,SMA,0.54960257303,0150
1240,oof,SMA,0.729622253507,0150
1241,i2ifc,RPA_br2_br5,0.866264626877,0119
1242,i2i3d,RPA_br2_br5,0.837194524318,0119
1243,i2i,RPA_br2_br5,0.868460484967,0119
1244,drls,RPA_br2_br5,0.896517342932,0119
1245,oof,RPA_br2_br5,1.10060384995,0119
1246,i2ifc,aorta,0.940879326083,0144
1247,i2i3d,aorta,0.775329126182,0144
1248,i2i,aorta,0.825763141358,0144
1249,drls,aorta,0.769521335596,0144
1250,oof,aorta,0.767575640104,0144
1251,i2ifc,celiac_hepatic,1.97577716224,0177
1252,i2i3d,celiac_hepatic,2.31593153607,0177
1253,i2i,celiac_hepatic,1.97694591547,0177
1254,drls,celiac_hepatic,1.97577716224,0177
1255,oof,celiac_hepatic,1.97577716224,0177
1256,i2ifc,rsubcl_new,0.270703297108,cabg11
1257,i2i3d,rsubcl_new,0.321232923933,cabg11
1258,i2i,rsubcl_new,0.323552325345,cabg11
1259,drls,rsubcl_new,0.427145092158,cabg11
1260,oof,rsubcl_new,0.348047096282,cabg11
1261,i2ifc,in_iliac_right,5.07540834298,0177
1262,i2i3d,in_iliac_right,4.5340845265,0177
1263,i2i,in_iliac_right,5.4451451743,0177
1264,drls,in_iliac_right,4.91024605194,0177
1265,oof,in_iliac_right,4.881466077,0177
1266,i2ifc,RPA_br4_br4,0.497592866855,0119
1267,i2i3d,RPA_br4_br4,0.64731222672,0119
1268,i2i,RPA_br4_br4,0.497592866855,0119
1269,drls,RPA_br4_br4,0.804714688041,0119
1270,oof,RPA_br4_br4,0.725031725969,0119
1271,i2ifc,R_incrd_b12,0.14917125236,0171
1272,i2i3d,R_incrd_b12,0.697019869578,0171
1273,i2i,R_incrd_b12,0.23846673148,0171
1274,drls,R_incrd_b12,0.598753247911,0171
1275,oof,R_incrd_b12,0.500952908284,0171
1276,i2ifc,R_incrd_b4,0.841639663927,0171
1277,i2i3d,R_incrd_b4,0.949320036918,0171
1278,i2i,R_incrd_b4,1.04419876652,0171
1279,drls,R_incrd_b4,1.35673875951,0171
1280,oof,R_incrd_b4,1.15814717559,0171
1281,i2ifc,int_iliac_left,2.33625102411,0148
1282,i2i3d,int_iliac_left,2.27660325118,0148
1283,i2i,int_iliac_left,2.18613238499,0148
1284,drls,int_iliac_left,1.8187191256,0148
1285,oof,int_iliac_left,1.697075696,0148
1286,i2ifc,renal_right,1.44068092353,0148
1287,i2i3d,renal_right,1.11675035154,0148
1288,i2i,renal_right,1.09511633407,0148
1289,drls,renal_right,0.984375,0148
1290,oof,renal_right,1.0274848406,0148
1291,i2ifc,RPA_br1_br2_b1,0.123437598348,0119
1292,i2i3d,RPA_br1_br2_b1,0.572356597538,0119
1293,i2i,RPA_br1_br2_b1,0.106900095951,0119
1294,drls,RPA_br1_br2_b1,0.617187991738,0119
1295,oof,RPA_br1_br2_b1,0.604718262053,0119
1296,i2ifc,R_vtbrl_b7,0.870520735962,0171
1297,i2i,R_vtbrl_b7,0.818556245663,0171
1298,drls,R_vtbrl_b7,0.861958028785,0171
1299,oof,R_vtbrl_b7,0.823825167852,0171
1300,i2ifc,RPA_br1_br2_b4,0.35987934899,0119
1301,i2i3d,RPA_br1_br2_b4,0.866264626877,0119
1302,i2i,RPA_br1_br2_b4,0.399983533663,0119
1303,drls,RPA_br1_br2_b4,0.735464373269,0119
1304,oof,RPA_br1_br2_b4,0.785552065605,0119
1305,i2ifc,R_vtbrl_s,0.939126193763,0179
1306,i2i3d,R_vtbrl_s,1.60251496068,0179
1307,i2i,R_vtbrl_s,1.6498993814,0179
1308,drls,R_vtbrl_s,0.600089511552,0179
1309,oof,R_vtbrl_s,0.890762050859,0179
1310,i2ifc,LPA_br1_br1,0.151179565513,0119
1311,i2i3d,LPA_br1_br1,2.00657298677,0119
1312,i2i,LPA_br1_br1,1.26485899294,0119
1313,drls,LPA_br1_br1,1.05825695859,0119
1314,oof,LPA_br1_br1,0.700990807442,0119
1315,i2ifc,LPA_br5_br1_br1,0.380460229874,0119
1316,i2i3d,LPA_br5_br1_br1,0.89439037115,0119
1317,i2i,LPA_br5_br1_br1,0.380460229874,0119
1318,drls,LPA_br5_br1_br1,0.620266255182,0119
1319,oof,LPA_br5_br1_br1,0.656079834605,0119
1320,i2ifc,svg2,2.09757181893,cabg11
1321,i2i3d,svg2,2.16389926408,cabg11
1322,i2i,svg2,2.10611013843,cabg11
1323,drls,svg2,2.0717457365,cabg11
1324,oof,svg2,2.06415226292,cabg11
1325,i2ifc,R_incrd_b9,0.430620313528,0171
1326,i2i3d,R_incrd_b9,0.802541953853,0171
1327,i2i,R_incrd_b9,0.373755941311,0171
1328,drls,R_incrd_b9,0.576666898881,0171
1329,oof,R_incrd_b9,0.564753246655,0171
1330,i2ifc,RPA_br6,1.1726571843,0119
1331,i2i3d,RPA_br6,1.30925344268,0119
1332,i2i,RPA_br6,0.952151259416,0119
1333,drls,RPA_br6,1.3034215498,0119
1334,oof,RPA_br6,0.966052013096,0119
1335,i2ifc,celiac_trunk_branch1,0.191366386155,0110
1336,i2i3d,celiac_trunk_branch1,0.689981317682,0110
1337,i2i,celiac_trunk_branch1,0.281683693396,0110
1338,drls,celiac_trunk_branch1,0.405949408024,0110
1339,oof,celiac_trunk_branch1,0.322117627001,0110
1340,i2ifc,renal_right,0.39838639123,0006
1341,i2i3d,renal_right,0.685587961792,0006
1342,i2i,renal_right,0.672099667433,0006
1343,drls,renal_right,0.644276479613,0006
1344,oof,renal_right,0.574135895958,0006
1345,i2ifc,R_vtbrl_b4,0.111185686855,0171
1346,i2i3d,R_vtbrl_b4,0.462457614743,0171
1347,i2i,R_vtbrl_b4,0.201978830507,0171
1348,drls,R_vtbrl_b4,0.57344226839,0171
1349,oof,R_vtbrl_b4,0.542422082592,0171
1350,i2ifc,int_iliac_left,0.337116390787,0150
1351,i2i3d,int_iliac_left,0.473607642695,0150
1352,i2i,int_iliac_left,0.29450120039,0150
1353,drls,int_iliac_left,0.318880181749,0150
1354,oof,int_iliac_left,0.323535613138,0150
1355,i2ifc,L_incrd_b15,0.161123367701,0171
1356,i2i3d,L_incrd_b15,0.623036811586,0171
1357,i2i,L_incrd_b15,0.274608389284,0171
1358,drls,L_incrd_b15,0.546961258654,0171
1359,oof,L_incrd_b15,0.457080017775,0171
1360,i2ifc,L_incrd_b7,0.779093586683,0171
1361,i2i3d,L_incrd_b7,0.851133513583,0171
1362,i2i,L_incrd_b7,0.804849218663,0171
1363,drls,L_incrd_b7,1.20008455369,0171
1364,oof,L_incrd_b7,1.17877804631,0171
1365,i2ifc,RPA_br8,0.282831069016,0119
1366,i2i3d,RPA_br8,2.26096440708,0119
1367,i2i,RPA_br8,0.314705361343,0119
1368,drls,RPA_br8,2.2193036637,0119
1369,oof,RPA_br8,2.18208907113,0119
1370,i2ifc,RPA_br7_br6,0.552029721769,0119
1371,i2i3d,RPA_br7_br6,0.81412687576,0119
1372,i2i,RPA_br7_br6,0.534500479756,0119
1373,drls,RPA_br7_br6,0.534500479756,0119
1374,oof,RPA_br7_br6,0.725031725969,0119
1375,i2ifc,LPA_br9,2.05441107619,0119
